{"cameraMode":{"drawMode":0,"name":"Shaded","section":"Shading Mode"},"sceneLighting":true,"audioPlay":false,"sceneViewState":{"m_AlwaysRefresh":false,"showFog":true,"showSkybox":true,"showFlares":true,"showImageEffects":true,"showParticleSystems":true,"showVisualEffectGraphs":true,"m_FxEnabled":true},"in2DMode":false,"pivot":{"x":383.32318115234377,"y":161.30348205566407,"z":144.86990356445313},"rotation":{"x":-0.19729214906692506,"y":-0.5267122983932495,"z":0.12685538828372956,"w":-0.8172955513000488},"size":44.269691467285159,"orthographic":false}