{"cameraMode":{"drawMode":0,"name":"Shaded","section":"Shading Mode"},"sceneLighting":false,"audioPlay":false,"sceneViewState":{"m_AlwaysRefresh":false,"showFog":true,"showSkybox":false,"showFlares":true,"showImageEffects":true,"showParticleSystems":true,"showVisualEffectGraphs":true,"m_FxEnabled":false},"in2DMode":false,"pivot":{"x":0.16930007934570313,"y":-0.1552448272705078,"z":0.17034339904785157},"rotation":{"x":-0.2135225534439087,"y":-0.5047453045845032,"z":0.13044142723083497,"w":-0.8262153267860413},"size":55.40574645996094,"orthographic":false}