{"cameraMode":{"drawMode":0,"name":"Shaded","section":"Shading Mode"},"sceneLighting":true,"audioPlay":false,"sceneViewState":{"m_AlwaysRefresh":false,"showFog":true,"showSkybox":false,"showFlares":true,"showImageEffects":true,"showParticleSystems":true,"showVisualEffectGraphs":true,"m_FxEnabled":true},"in2DMode":false,"pivot":{"x":-0.11945629119873047,"y":0.11318302154541016,"z":0.3212471008300781},"rotation":{"x":0.08782840520143509,"y":-0.25994420051574709,"z":0.023087264969944955,"w":0.961627185344696},"size":21.82383918762207,"orthographic":false}