{"cameraMode":{"drawMode":0,"name":"Shaded","section":"Shading Mode"},"sceneLighting":false,"audioPlay":false,"sceneViewState":{"m_AlwaysRefresh":false,"showFog":true,"showSkybox":false,"showFlares":true,"showImageEffects":true,"showParticleSystems":true,"showVisualEffectGraphs":true,"m_FxEnabled":true},"in2DMode":false,"pivot":{"x":577.1010131835938,"y":133.31715393066407,"z":624.5919799804688},"rotation":{"x":0.0028152335435152055,"y":0.981737494468689,"z":-0.18992578983306886,"w":0.014150269329547882},"size":0.046197887510061267,"orthographic":false}